,0
0,sport
1,sport
2,sport
3,politics
4,entertainment
5,politics
6,business
7,tech
8,tech
9,entertainment
10,politics
11,politics
12,business
13,business
14,entertainment
15,sport
16,tech
17,business
18,entertainment
19,politics
20,tech
21,tech
22,business
23,politics
24,business
25,politics
26,entertainment
27,sport
28,business
29,sport
30,business
31,business
32,politics
33,business
34,business
35,sport
36,business
37,politics
38,sport
39,sport
40,entertainment
41,entertainment
42,business
43,business
44,politics
45,business
46,business
47,tech
48,sport
49,business
50,tech
51,entertainment
52,business
53,tech
54,tech
55,tech
56,entertainment
57,sport
58,sport
59,politics
60,entertainment
61,entertainment
62,sport
63,sport
64,business
65,business
66,sport
67,sport
68,business
69,entertainment
70,tech
71,business
72,sport
73,business
74,entertainment
75,tech
76,politics
77,sport
78,business
79,business
80,entertainment
81,tech
82,tech
83,tech
84,tech
85,business
86,entertainment
87,politics
88,business
89,sport
90,sport
91,politics
92,entertainment
93,entertainment
94,business
95,politics
96,sport
97,tech
98,tech
99,entertainment
100,entertainment
101,politics
102,sport
103,business
104,politics
105,business
106,tech
107,sport
108,politics
109,politics
110,tech
111,sport
112,sport
113,tech
114,sport
115,entertainment
116,politics
117,sport
118,sport
119,sport
120,politics
121,entertainment
122,business
123,sport
124,business
125,sport
126,business
127,politics
128,sport
129,sport
130,business
131,sport
132,business
133,tech
134,politics
135,sport
136,politics
137,sport
138,politics
139,sport
140,sport
141,tech
142,entertainment
143,sport
144,entertainment
145,business
146,business
147,sport
148,sport
149,sport
150,business
151,politics
152,business
153,politics
154,sport
155,tech
156,tech
157,sport
158,sport
159,politics
160,sport
161,politics
162,business
163,tech
164,business
165,politics
166,tech
167,sport
168,sport
169,sport
170,business
171,business
172,entertainment
173,entertainment
174,tech
175,politics
176,tech
177,tech
178,politics
179,sport
180,politics
181,business
182,politics
183,sport
184,politics
185,business
186,entertainment
187,entertainment
188,entertainment
189,sport
190,tech
191,tech
192,entertainment
193,entertainment
194,sport
195,entertainment
196,politics
197,sport
198,sport
199,sport
200,tech
201,entertainment
202,tech
203,sport
204,business
205,entertainment
206,politics
207,business
208,politics
209,tech
210,sport
211,entertainment
212,entertainment
213,entertainment
214,politics
215,business
216,tech
217,sport
218,tech
219,tech
220,sport
221,tech
222,business
223,sport
224,tech
225,sport
226,tech
227,tech
228,politics
229,politics
230,entertainment
231,sport
232,sport
233,sport
234,politics
235,politics
236,business
237,sport
238,business
239,entertainment
240,tech
241,business
242,sport
243,business
244,entertainment
245,entertainment
246,politics
247,business
248,tech
249,entertainment
250,entertainment
251,tech
252,tech
253,sport
254,business
255,entertainment
256,tech
257,sport
258,entertainment
259,tech
260,business
261,tech
262,business
263,tech
264,sport
265,sport
266,tech
267,politics
268,entertainment
269,sport
270,sport
271,tech
272,politics
273,sport
274,sport
275,business
276,tech
277,entertainment
278,politics
279,entertainment
280,entertainment
281,politics
282,sport
283,politics
284,sport
285,entertainment
286,business
287,tech
288,politics
289,politics
290,politics
291,business
292,sport
293,tech
294,business
295,tech
296,entertainment
297,entertainment
298,business
299,business
300,politics
301,politics
302,sport
303,politics
304,business
305,business
306,business
307,sport
308,business
309,sport
310,business
311,politics
312,sport
313,business
314,politics
315,business
316,sport
317,entertainment
318,sport
319,sport
320,politics
321,tech
322,sport
323,sport
324,politics
325,sport
326,sport
327,tech
328,business
329,sport
330,business
331,politics
332,sport
333,entertainment
334,sport
335,politics
336,entertainment
337,politics
338,business
339,sport
340,business
341,sport
342,politics
343,politics
344,business
345,politics
346,tech
347,tech
348,tech
349,politics
350,business
351,entertainment
352,politics
353,entertainment
354,tech
355,business
356,sport
357,politics
358,sport
359,business
360,politics
361,sport
362,politics
363,politics
364,entertainment
365,tech
366,tech
367,business
368,business
369,politics
370,entertainment
371,business
372,entertainment
373,politics
374,sport
375,business
376,sport
377,business
378,entertainment
379,sport
380,business
381,business
382,tech
383,sport
384,politics
385,business
386,politics
387,politics
388,sport
389,sport
390,sport
391,sport
392,tech
393,sport
394,tech
395,sport
396,sport
397,tech
398,politics
399,tech
400,business
401,sport
402,tech
403,business
404,sport
405,politics
406,business
407,politics
408,politics
409,sport
410,business
411,tech
412,politics
413,entertainment
414,sport
415,business
416,entertainment
417,sport
418,entertainment
419,politics
420,sport
421,entertainment
422,entertainment
423,politics
424,sport
425,politics
426,sport
427,sport
428,business
429,entertainment
430,politics
431,business
432,sport
433,entertainment
434,tech
435,politics
436,politics
437,sport
438,business
439,sport
440,sport
441,politics
442,tech
443,sport
444,politics
445,sport
446,entertainment
447,sport
448,tech
449,business
450,tech
451,sport
452,entertainment
453,entertainment
454,sport
455,business
456,entertainment
457,business
458,sport
459,business
460,sport
461,business
462,politics
463,sport
464,politics
465,entertainment
466,entertainment
467,entertainment
468,business
469,business
470,politics
471,sport
472,tech
473,politics
474,entertainment
475,business
476,business
477,politics
478,business
479,politics
480,entertainment
481,business
482,entertainment
483,tech
484,politics
485,tech
486,entertainment
487,tech
488,politics
489,tech
490,entertainment
491,sport
492,business
493,tech
494,sport
495,business
496,entertainment
497,entertainment
498,business
499,business
500,business
501,sport
502,tech
503,business
504,politics
505,politics
506,sport
507,sport
508,entertainment
509,tech
510,business
511,sport
512,politics
513,sport
514,tech
515,politics
516,business
517,business
518,tech
519,tech
520,politics
521,politics
522,entertainment
523,sport
524,business
525,tech
526,sport
527,business
528,politics
529,business
530,business
531,sport
532,tech
533,politics
534,business
535,entertainment
536,business
537,business
538,tech
539,tech
540,sport
541,entertainment
542,business
543,business
544,entertainment
545,business
546,entertainment
547,tech
548,sport
549,business
550,tech
551,tech
552,entertainment
553,entertainment
554,business
555,entertainment
556,politics
557,business
558,sport
559,sport
560,entertainment
561,business
562,sport
563,business
564,business
565,sport
566,entertainment
567,business
568,politics
569,entertainment
570,business
571,politics
572,sport
573,politics
574,sport
575,tech
576,entertainment
577,sport
578,sport
579,business
580,entertainment
581,sport
582,business
583,entertainment
584,tech
585,business
586,entertainment
587,tech
588,entertainment
589,sport
590,tech
591,business
592,sport
593,politics
594,tech
595,sport
596,business
597,business
598,politics
599,business
600,entertainment
601,entertainment
602,sport
603,business
604,politics
605,sport
606,sport
607,politics
608,business
609,tech
610,tech
611,sport
612,sport
613,business
614,tech
615,sport
616,politics
617,politics
618,sport
619,tech
620,sport
621,entertainment
622,business
623,politics
624,business
625,business
626,sport
627,entertainment
628,entertainment
629,business
630,entertainment
631,business
632,entertainment
633,sport
634,entertainment
635,business
636,politics
637,entertainment
638,politics
639,business
640,business
641,sport
642,business
643,business
644,politics
645,business
646,business
647,politics
648,sport
649,sport
650,entertainment
651,politics
652,sport
653,sport
654,tech
655,tech
656,entertainment
657,business
658,entertainment
659,tech
660,entertainment
661,tech
662,entertainment
663,sport
664,politics
665,sport
666,business
667,sport
668,business
669,entertainment
670,tech
671,tech
672,business
673,sport
674,business
675,sport
676,tech
677,entertainment
678,politics
679,sport
680,business
681,business
682,business
683,business
684,business
685,entertainment
686,business
687,sport
688,tech
689,sport
690,business
691,business
692,politics
693,entertainment
694,business
695,business
696,tech
697,tech
698,entertainment
699,tech
700,sport
701,politics
702,business
703,business
704,sport
705,business
706,sport
707,entertainment
708,sport
709,sport
710,business
711,sport
712,entertainment
713,entertainment
714,sport
715,business
716,business
717,business
718,entertainment
719,sport
720,sport
721,politics
722,politics
723,sport
724,tech
725,tech
726,tech
727,entertainment
728,politics
729,business
730,business
731,sport
732,business
733,sport
734,sport
735,business
736,tech
737,entertainment
738,business
739,tech
740,tech
741,business
742,sport
743,business
744,sport
745,tech
746,business
747,entertainment
748,tech
749,tech
750,business
751,sport
752,politics
753,politics
754,sport
755,business
756,sport
757,entertainment
758,sport
759,politics
760,entertainment
761,sport
762,sport
763,tech
764,tech
765,business
766,business
767,sport
768,sport
769,business
770,entertainment
771,sport
772,entertainment
773,politics
774,business
775,politics
776,entertainment
777,tech
778,politics
779,business
780,business
781,politics
782,business
783,sport
784,politics
785,tech
786,sport
787,politics
788,politics
789,tech
790,tech
791,business
792,business
793,entertainment
794,business
795,entertainment
796,business
797,sport
798,politics
799,politics
800,entertainment
801,tech
802,business
803,tech
804,politics
805,politics
806,politics
807,business
808,entertainment
809,business
810,entertainment
811,entertainment
812,entertainment
813,politics
814,sport
815,entertainment
816,sport
817,sport
818,sport
819,politics
820,politics
821,business
822,entertainment
823,sport
824,tech
825,business
826,politics
827,entertainment
828,entertainment
829,sport
830,politics
831,politics
832,tech
833,sport
834,tech
835,tech
836,sport
837,tech
838,sport
839,sport
840,sport
841,sport
842,sport
843,tech
844,politics
845,tech
846,tech
847,politics
848,entertainment
849,business
850,politics
851,entertainment
852,sport
853,entertainment
854,tech
855,business
856,business
857,politics
858,politics
859,tech
860,entertainment
861,sport
862,sport
863,politics
864,business
865,tech
866,business
867,business
868,politics
869,sport
870,entertainment
871,entertainment
872,tech
873,business
874,sport
875,sport
876,tech
877,entertainment
878,business
879,sport
880,politics
881,business
882,entertainment
883,business
884,business
885,politics
886,entertainment
887,sport
888,tech
889,tech
890,politics
891,politics
892,sport
893,sport
894,sport
895,entertainment
896,business
897,sport
898,tech
899,sport
900,business
901,tech
902,politics
903,business
904,sport
905,politics
906,tech
907,entertainment
908,politics
909,sport
910,business
911,tech
912,politics
913,sport
914,politics
915,tech
916,politics
917,business
918,politics
919,politics
920,politics
921,entertainment
922,entertainment
923,entertainment
924,business
925,entertainment
926,tech
927,tech
928,politics
929,sport
930,sport
931,tech
932,politics
933,politics
934,politics
935,business
936,tech
937,entertainment
938,politics
939,politics
940,sport
941,sport
942,sport
943,entertainment
944,politics
945,politics
946,tech
947,sport
948,sport
949,entertainment
950,tech
951,tech
952,tech
953,entertainment
954,sport
955,sport
956,entertainment
957,entertainment
958,business
959,business
960,business
961,tech
962,business
963,business
964,business
965,politics
966,tech
967,sport
968,tech
969,sport
970,entertainment
971,business
972,politics
973,entertainment
974,sport
975,business
976,business
977,sport
978,sport
979,business
980,tech
981,entertainment
982,tech
983,sport
984,politics
985,sport
986,tech
987,entertainment
988,business
989,politics
990,business
991,sport
992,entertainment
993,entertainment
994,tech
995,tech
996,entertainment
997,tech
998,sport
999,business
1000,politics
1001,sport
1002,sport
1003,sport
1004,entertainment
1005,sport
1006,entertainment
1007,business
1008,business
1009,tech
1010,sport
1011,politics
1012,entertainment
1013,tech
1014,business
1015,entertainment
1016,tech
1017,tech
1018,entertainment
1019,business
1020,politics
1021,sport
1022,sport
1023,business
1024,business
1025,business
1026,tech
1027,politics
1028,politics
1029,sport
1030,sport
1031,tech
1032,tech
1033,sport
1034,entertainment
1035,tech
1036,sport
1037,tech
1038,tech
1039,entertainment
1040,sport
1041,entertainment
1042,sport
1043,business
1044,entertainment
1045,tech
1046,business
1047,business
1048,tech
1049,politics
1050,entertainment
1051,sport
1052,politics
1053,entertainment
1054,tech
1055,business
1056,tech
1057,entertainment
1058,politics
1059,politics
1060,sport
1061,politics
1062,entertainment
1063,business
1064,business
1065,politics
1066,politics
1067,sport
1068,tech
1069,business
1070,business
1071,business
1072,business
1073,politics
1074,politics
1075,tech
1076,politics
1077,politics
1078,business
1079,politics
1080,politics
1081,politics
1082,tech
1083,politics
1084,entertainment
1085,politics
1086,politics
1087,sport
1088,sport
1089,business
1090,politics
1091,business
1092,tech
1093,entertainment
1094,entertainment
1095,sport
1096,entertainment
1097,politics
1098,politics
1099,tech
1100,politics
1101,business
1102,sport
1103,entertainment
1104,politics
1105,tech
1106,politics
1107,entertainment
1108,sport
1109,entertainment
1110,entertainment
1111,sport
1112,sport
1113,politics
1114,tech
1115,politics
1116,entertainment
1117,business
1118,sport
1119,entertainment
1120,tech
1121,politics
1122,sport
1123,entertainment
1124,business
1125,entertainment
1126,tech
1127,tech
1128,tech
1129,entertainment
1130,business
1131,business
1132,entertainment
1133,politics
1134,entertainment
1135,entertainment
1136,business
1137,sport
1138,entertainment
1139,politics
1140,entertainment
1141,entertainment
1142,politics
1143,politics
1144,business
1145,tech
1146,politics
1147,tech
1148,tech
1149,business
1150,tech
1151,entertainment
1152,business
1153,politics
1154,politics
1155,tech
1156,entertainment
1157,entertainment
1158,sport
1159,business
1160,sport
1161,tech
1162,business
1163,business
1164,politics
1165,politics
1166,entertainment
1167,sport
1168,sport
1169,business
1170,tech
1171,entertainment
1172,sport
1173,entertainment
1174,sport
1175,politics
1176,politics
1177,business
1178,politics
1179,entertainment
1180,business
1181,entertainment
1182,tech
1183,business
1184,business
1185,entertainment
1186,business
1187,tech
1188,politics
1189,tech
1190,entertainment
1191,entertainment
1192,business
1193,politics
1194,tech
1195,entertainment
1196,entertainment
1197,sport
1198,tech
1199,politics
1200,politics
1201,business
1202,tech
1203,sport
1204,politics
1205,entertainment
1206,sport
1207,business
1208,business
1209,sport
1210,politics
1211,sport
1212,entertainment
1213,politics
1214,entertainment
1215,sport
1216,entertainment
1217,tech
1218,entertainment
1219,entertainment
1220,sport
1221,sport
1222,business
1223,business
1224,sport
1225,politics
1226,tech
1227,politics
1228,politics
1229,business
1230,business
1231,politics
1232,politics
1233,entertainment
1234,tech
1235,entertainment
1236,business
1237,business
1238,business
1239,sport
1240,business
1241,tech
1242,tech
1243,tech
1244,entertainment
1245,sport
1246,politics
1247,business
1248,business
1249,politics
1250,politics
1251,business
1252,sport
1253,politics
1254,tech
1255,entertainment
1256,sport
1257,entertainment
1258,tech
1259,tech
1260,politics
1261,tech
1262,sport
1263,politics
1264,tech
1265,business
1266,sport
1267,entertainment
1268,tech
1269,business
1270,business
1271,tech
1272,sport
1273,business
1274,tech
1275,sport
1276,business
1277,business
1278,sport
1279,entertainment
1280,politics
1281,sport
1282,business
1283,tech
1284,politics
1285,tech
1286,entertainment
1287,politics
1288,entertainment
1289,tech
1290,politics
1291,politics
1292,sport
1293,tech
1294,sport
1295,tech
1296,tech
1297,politics
1298,tech
1299,entertainment
1300,sport
1301,business
1302,sport
1303,politics
1304,sport
1305,politics
1306,entertainment
1307,sport
1308,tech
1309,entertainment
1310,tech
1311,politics
1312,tech
1313,business
1314,business
1315,tech
1316,business
1317,politics
1318,politics
1319,tech
1320,tech
1321,business
1322,sport
1323,sport
1324,tech
1325,sport
1326,entertainment
1327,entertainment
1328,tech
1329,sport
1330,politics
1331,business
1332,business
1333,business
1334,politics
1335,business
1336,tech
1337,sport
1338,politics
1339,politics
1340,business
1341,politics
1342,tech
1343,politics
1344,business
1345,sport
1346,business
1347,sport
1348,politics
1349,tech
1350,entertainment
1351,sport
1352,tech
1353,entertainment
1354,business
1355,business
1356,sport
1357,business
1358,sport
1359,sport
1360,tech
1361,sport
1362,business
1363,tech
1364,business
1365,tech
1366,tech
1367,sport
1368,entertainment
1369,entertainment
1370,tech
1371,entertainment
1372,tech
1373,tech
1374,politics
1375,business
1376,tech
1377,sport
1378,tech
1379,politics
1380,business
1381,sport
1382,tech
1383,sport
1384,tech
1385,entertainment
1386,sport
1387,business
1388,politics
1389,entertainment
1390,tech
1391,business
1392,business
1393,entertainment
1394,business
1395,business
1396,business
1397,entertainment
1398,sport
1399,sport
1400,sport
1401,sport
1402,tech
1403,politics
1404,sport
1405,sport
1406,entertainment
1407,sport
1408,entertainment
1409,business
1410,entertainment
1411,sport
1412,politics
1413,tech
1414,sport
1415,tech
1416,politics
1417,tech
1418,sport
1419,tech
1420,entertainment
1421,entertainment
1422,politics
1423,business
1424,entertainment
1425,sport
1426,sport
1427,entertainment
1428,politics
1429,sport
1430,politics
1431,politics
1432,sport
1433,sport
1434,sport
1435,tech
1436,sport
1437,sport
1438,sport
1439,tech
1440,tech
1441,sport
1442,politics
1443,entertainment
1444,sport
1445,sport
1446,sport
1447,politics
1448,politics
1449,entertainment
1450,sport
1451,sport
1452,tech
1453,business
1454,politics
1455,entertainment
1456,entertainment
1457,sport
1458,tech
1459,politics
1460,business
1461,business
1462,entertainment
1463,business
1464,tech
1465,politics
1466,sport
1467,politics
1468,sport
1469,tech
1470,entertainment
1471,sport
1472,business
1473,entertainment
1474,tech
1475,business
1476,tech
1477,sport
1478,business
1479,business
1480,sport
1481,business
1482,sport
1483,politics
1484,sport
1485,tech
1486,politics
1487,sport
1488,business
1489,tech
1490,politics
1491,business
1492,business
1493,entertainment
1494,entertainment
1495,politics
1496,entertainment
1497,business
1498,politics
1499,politics
1500,business
1501,entertainment
1502,politics
1503,tech
1504,business
1505,business
1506,sport
1507,entertainment
1508,sport
1509,politics
1510,politics
1511,sport
1512,tech
1513,business
1514,entertainment
1515,sport
1516,sport
1517,tech
1518,sport
1519,tech
1520,business
1521,tech
1522,entertainment
1523,politics
1524,tech
1525,entertainment
1526,sport
1527,politics
1528,tech
1529,entertainment
1530,business
1531,sport
1532,politics
1533,tech
1534,politics
1535,business
1536,entertainment
1537,business
1538,business
1539,politics
1540,politics
1541,politics
1542,sport
1543,entertainment
1544,sport
1545,business
1546,tech
1547,sport
1548,business
1549,politics
1550,business
1551,tech
1552,sport
1553,politics
1554,politics
1555,politics
1556,entertainment
